주차장명,주차대수,year
여의도4주차장,147,2024
여의도3주차장,1482,2024
여의도1주차장,1442,2024
여의도2주차장,1215,2024
여의도5주차장,366,2024
여의도5주차장,313,2024
여의도2주차장,1129,2024
여의도4주차장,146,2024
여의도3주차장,1106,2024
여의도1주차장,1262,2024
여의도5주차장,143,2024
여의도4주차장,22,2024
여의도1주차장,1286,2024
여의도3주차장,1947,2024
여의도2주차장,1175,2024
여의도2주차장,1134,2024
여의도3주차장,700,2024
여의도5주차장,105,2024
여의도4주차장,32,2024
여의도1주차장,1304,2024
여의도2주차장,833,2024
여의도4주차장,140,2024
여의도3주차장,899,2024
여의도1주차장,1185,2024
여의도5주차장,306,2024
여의도1주차장,1219,2024
여의도4주차장,148,2024
여의도5주차장,308,2024
여의도3주차장,951,2024
여의도2주차장,986,2024
여의도1주차장,2627,2024
여의도5주차장,171,2024
여의도4주차장,33,2024
여의도3주차장,2618,2024
여의도2주차장,2640,2024
여의도4주차장,143,2024
여의도1주차장,1593,2024
여의도2주차장,1642,2024
여의도5주차장,316,2024
여의도3주차장,1083,2024
여의도4주차장,173,2024
여의도1주차장,1176,2024
여의도2주차장,1261,2024
여의도3주차장,891,2024
여의도5주차장,328,2024
여의도4주차장,34,2024
여의도3주차장,1461,2024
여의도2주차장,1349,2024
여의도1주차장,1172,2024
여의도5주차장,159,2024
여의도3주차장,1168,2024
여의도5주차장,97,2024
여의도4주차장,44,2024
여의도1주차장,1151,2024
여의도2주차장,1366,2024
여의도5주차장,306,2024
여의도3주차장,1008,2024
여의도4주차장,156,2024
여의도1주차장,1169,2024
여의도2주차장,1144,2024
여의도4주차장,154,2024
여의도1주차장,1105,2024
여의도5주차장,320,2024
여의도2주차장,929,2024
여의도3주차장,921,2024
여의도4주차장,147,2024
여의도5주차장,288,2024
여의도1주차장,1013,2024
여의도3주차장,1013,2024
여의도2주차장,891,2024
여의도2주차장,890,2024
여의도4주차장,159,2024
여의도3주차장,915,2024
여의도1주차장,1108,2024
여의도5주차장,334,2024
여의도1주차장,1122,2024
여의도2주차장,813,2024
여의도3주차장,976,2024
여의도4주차장,180,2024
여의도5주차장,348,2024
여의도1주차장,1221,2024
여의도2주차장,726,2024
여의도3주차장,1493,2024
여의도4주차장,26,2024
여의도5주차장,151,2024
여의도1주차장,1855,2024
여의도3주차장,1910,2024
여의도2주차장,1227,2024
여의도5주차장,432,2024
여의도4주차장,440,2024
여의도2주차장,1057,2024
여의도5주차장,313,2024
여의도1주차장,1276,2024
여의도3주차장,1349,2024
여의도4주차장,213,2024
여의도5주차장,311,2024
여의도2주차장,885,2024
여의도1주차장,1176,2024
여의도4주차장,176,2024
여의도3주차장,1084,2024
여의도4주차장,176,2024
여의도1주차장,1129,2024
여의도2주차장,779,2024
여의도3주차장,1127,2024
여의도5주차장,312,2024
여의도5주차장,289,2024
여의도1주차장,1193,2024
여의도3주차장,1036,2024
여의도2주차장,920,2024
여의도4주차장,194,2024
여의도5주차장,314,2024
여의도3주차장,1004,2024
여의도2주차장,772,2024
여의도1주차장,1042,2024
여의도4주차장,180,2024
여의도3주차장,1496,2024
여의도4주차장,67,2024
여의도1주차장,1144,2024
여의도2주차장,575,2024
여의도5주차장,158,2024
여의도5주차장,239,2024
여의도2주차장,1341,2024
여의도4주차장,307,2024
여의도3주차장,1239,2024
여의도1주차장,1410,2024
여의도2주차장,959,2024
여의도4주차장,216,2024
여의도3주차장,1232,2024
여의도1주차장,1229,2024
여의도5주차장,134,2024
여의도3주차장,923,2024
여의도1주차장,1117,2024
여의도4주차장,198,2024
여의도5주차장,354,2024
여의도2주차장,862,2024
여의도2주차장,814,2024
여의도5주차장,360,2024
여의도3주차장,1218,2024
여의도4주차장,260,2024
여의도1주차장,1155,2024
여의도4주차장,200,2024
여의도5주차장,389,2024
여의도1주차장,1132,2024
여의도3주차장,907,2024
여의도2주차장,823,2024
여의도5주차장,384,2024
여의도3주차장,989,2024
여의도1주차장,1127,2024
여의도4주차장,187,2024
여의도2주차장,821,2024
여의도5주차장,186,2024
여의도1주차장,1715,2024
여의도4주차장,27,2024
여의도2주차장,1212,2024
여의도3주차장,1794,2024
여의도4주차장,37,2024
여의도1주차장,1413,2024
여의도2주차장,822,2024
여의도5주차장,149,2024
여의도3주차장,374,2024
여의도1주차장,1046,2024
여의도2주차장,651,2024
여의도3주차장,965,2024
여의도5주차장,273,2024
여의도4주차장,183,2024
여의도4주차장,163,2024
여의도1주차장,898,2024
여의도2주차장,508,2024
여의도3주차장,594,2024
여의도5주차장,266,2024
여의도1주차장,887,2024
여의도4주차장,152,2024
여의도5주차장,360,2024
여의도2주차장,496,2024
여의도3주차장,732,2024
여의도3주차장,848,2024
여의도4주차장,173,2024
여의도1주차장,988,2024
여의도5주차장,305,2024
여의도2주차장,650,2024
여의도4주차장,200,2024
여의도2주차장,1038,2024
여의도1주차장,1399,2024
여의도3주차장,1050,2024
여의도5주차장,374,2024
여의도2주차장,1196,2024
여의도4주차장,36,2024
여의도5주차장,205,2024
여의도1주차장,2067,2024
여의도3주차장,1736,2024
여의도5주차장,156,2024
여의도1주차장,2243,2024
여의도3주차장,652,2024
여의도4주차장,36,2024
여의도2주차장,1165,2024
여의도1주차장,1564,2024
여의도5주차장,317,2024
여의도3주차장,1104,2024
여의도2주차장,1078,2024
여의도4주차장,171,2024
여의도1주차장,1494,2024
여의도2주차장,920,2024
여의도3주차장,1058,2024
여의도4주차장,186,2024
여의도5주차장,390,2024
여의도3주차장,1046,2024
여의도2주차장,926,2024
여의도4주차장,173,2024
여의도5주차장,359,2024
여의도1주차장,1367,2024
여의도4주차장,190,2024
여의도3주차장,990,2024
여의도2주차장,872,2024
여의도5주차장,373,2024
여의도1주차장,1268,2024
여의도1주차장,1287,2024
여의도3주차장,1001,2024
여의도5주차장,342,2024
여의도4주차장,173,2024
여의도2주차장,947,2024
여의도3주차장,2108,2024
여의도1주차장,2405,2024
여의도5주차장,236,2024
여의도4주차장,37,2024
여의도2주차장,1542,2024
여의도5주차장,200,2024
여의도4주차장,39,2024
여의도2주차장,1476,2024
여의도3주차장,861,2024
여의도1주차장,2769,2024
여의도4주차장,158,2024
여의도3주차장,1271,2024
여의도1주차장,2264,2024
여의도5주차장,341,2024
여의도2주차장,1832,2024
여의도2주차장,1222,2024
여의도1주차장,1596,2024
여의도5주차장,358,2024
여의도4주차장,188,2024
여의도3주차장,1164,2024
여의도5주차장,355,2024
여의도2주차장,1357,2024
여의도1주차장,1741,2024
여의도3주차장,1299,2024
여의도4주차장,183,2024
여의도1주차장,1631,2024
여의도5주차장,377,2024
여의도4주차장,200,2024
여의도2주차장,1266,2024
여의도3주차장,1206,2024
여의도2주차장,1318,2024
여의도5주차장,367,2024
여의도4주차장,201,2024
여의도3주차장,1290,2024
여의도1주차장,1682,2024
여의도1주차장,3398,2024
여의도3주차장,2326,2024
여의도2주차장,1934,2024
여의도5주차장,229,2024
여의도4주차장,41,2024
여의도4주차장,48,2024
여의도5주차장,210,2024
여의도2주차장,1648,2024
여의도1주차장,3229,2024
여의도3주차장,1209,2024
여의도3주차장,1196,2024
여의도2주차장,1385,2024
여의도5주차장,396,2024
여의도1주차장,1833,2024
여의도4주차장,171,2024
여의도4주차장,178,2024
여의도2주차장,1104,2024
여의도5주차장,365,2024
여의도1주차장,1458,2024
여의도3주차장,1096,2024
여의도2주차장,1134,2024
여의도4주차장,81,2024
여의도1주차장,1409,2024
여의도3주차장,1179,2024
여의도5주차장,364,2024
여의도2주차장,1385,2024
여의도3주차장,1131,2024
여의도4주차장,188,2024
여의도1주차장,1529,2024
여의도5주차장,359,2024
여의도5주차장,366,2024
여의도4주차장,174,2024
여의도1주차장,1568,2024
여의도3주차장,1206,2024
여의도2주차장,1273,2024
여의도4주차장,56,2024
여의도2주차장,2510,2024
여의도5주차장,313,2024
여의도1주차장,3634,2024
여의도3주차장,3009,2024
여의도3주차장,2177,2024
여의도2주차장,2317,2024
여의도1주차장,3779,2024
여의도5주차장,299,2024
여의도4주차장,76,2024
여의도1주차장,2459,2024
여의도4주차장,211,2024
여의도5주차장,326,2024
여의도2주차장,2019,2024
여의도3주차장,1383,2024
여의도4주차장,353,2024
여의도3주차장,1126,2024
여의도2주차장,1842,2024
여의도1주차장,2052,2024
여의도5주차장,373,2024
여의도2주차장,1362,2024
여의도1주차장,1864,2024
여의도3주차장,1340,2024
여의도5주차장,342,2024
여의도4주차장,195,2024
여의도5주차장,321,2024
여의도1주차장,1713,2024
여의도4주차장,233,2024
여의도3주차장,1081,2024
여의도2주차장,1337,2024
여의도2주차장,1528,2024
여의도3주차장,1130,2024
여의도1주차장,1776,2024
여의도4주차장,236,2024
여의도5주차장,354,2024
여의도4주차장,78,2024
여의도2주차장,1711,2024
여의도3주차장,2274,2024
여의도5주차장,212,2024
여의도1주차장,2864,2024
여의도4주차장,71,2024
여의도2주차장,2327,2024
여의도1주차장,3761,2024
여의도3주차장,2056,2024
여의도5주차장,245,2024
여의도3주차장,1353,2024
여의도4주차장,214,2024
여의도2주차장,2326,2024
여의도1주차장,2288,2024
여의도5주차장,361,2024
여의도2주차장,1699,2024
여의도1주차장,1914,2024
여의도4주차장,336,2024
여의도3주차장,1360,2024
여의도5주차장,375,2024
여의도1주차장,1681,2024
여의도3주차장,1390,2024
여의도4주차장,233,2024
여의도5주차장,358,2024
여의도2주차장,1349,2024
여의도2주차장,240,2024
여의도5주차장,110,2024
여의도3주차장,183,2024
여의도4주차장,52,2024
여의도1주차장,589,2024
여의도3주차장,1091,2024
여의도5주차장,331,2024
여의도1주차장,1529,2024
여의도4주차장,263,2024
여의도2주차장,1346,2024
여의도1주차장,3509,2024
여의도3주차장,2801,2024
여의도2주차장,1947,2024
여의도5주차장,254,2024
여의도4주차장,66,2024
여의도5주차장,157,2024
여의도1주차장,3617,2024
여의도2주차장,2038,2024
여의도3주차장,1605,2024
여의도4주차장,86,2024
여의도5주차장,317,2024
여의도1주차장,1621,2024
여의도3주차장,1030,2024
여의도2주차장,1034,2024
여의도4주차장,240,2024
여의도4주차장,310,2024
여의도5주차장,394,2024
여의도2주차장,2193,2024
여의도3주차장,1306,2024
여의도1주차장,2475,2024
여의도5주차장,407,2024
여의도2주차장,1936,2024
여의도4주차장,219,2024
여의도1주차장,2022,2024
여의도3주차장,1263,2024
여의도1주차장,1740,2024
여의도3주차장,1081,2024
여의도5주차장,387,2024
여의도2주차장,1521,2024
여의도4주차장,231,2024
여의도2주차장,1752,2024
여의도1주차장,1825,2024
여의도3주차장,1208,2024
여의도5주차장,369,2024
여의도4주차장,243,2024
여의도1주차장,3490,2024
여의도3주차장,3464,2024
여의도5주차장,279,2024
여의도2주차장,2238,2024
여의도4주차장,63,2024
여의도4주차장,101,2024
여의도2주차장,2305,2024
여의도1주차장,3495,2024
여의도5주차장,389,2024
여의도3주차장,2861,2024
여의도2주차장,2742,2024
여의도3주차장,1635,2024
여의도5주차장,376,2024
여의도4주차장,245,2024
여의도1주차장,2826,2024
여의도3주차장,1326,2024
여의도5주차장,465,2024
여의도1주차장,2102,2024
여의도4주차장,361,2024
여의도2주차장,2143,2024
여의도2주차장,2391,2024
여의도3주차장,3099,2024
여의도4주차장,97,2024
여의도5주차장,370,2024
여의도1주차장,3708,2024
여의도1주차장,2617,2024
여의도3주차장,1458,2024
여의도5주차장,428,2024
여의도4주차장,214,2024
여의도2주차장,2111,2024
여의도3주차장,1249,2024
여의도2주차장,1868,2024
여의도5주차장,418,2024
여의도4주차장,249,2024
여의도1주차장,2046,2024
여의도3주차장,2191,2024
여의도1주차장,3119,2024
여의도2주차장,2120,2024
여의도5주차장,167,2024
여의도4주차장,55,2024
여의도1주차장,921,2024
여의도2주차장,2058,2024
여의도5주차장,317,2024
여의도3주차장,1209,2024
여의도4주차장,247,2024
여의도5주차장,448,2024
여의도4주차장,225,2024
여의도3주차장,2365,2024
여의도1주차장,2133,2024
여의도2주차장,2963,2024
여의도3주차장,3098,2024
여의도1주차장,4286,2024
여의도5주차장,366,2024
여의도2주차장,2813,2024
여의도4주차장,150,2024
여의도2주차장,2660,2024
여의도5주차장,377,2024
여의도4주차장,266,2024
여의도1주차장,2741,2024
여의도3주차장,1419,2024
여의도5주차장,332,2024
여의도3주차장,1164,2024
여의도2주차장,1790,2024
여의도4주차장,78,2024
여의도1주차장,3408,2024
여의도1주차장,3041,2024
여의도3주차장,1558,2024
여의도2주차장,2381,2024
여의도4주차장,203,2024
여의도5주차장,377,2024
여의도5주차장,392,2024
여의도3주차장,3936,2024
여의도2주차장,2596,2024
여의도4주차장,91,2024
여의도1주차장,3699,2024
여의도3주차장,3301,2024
여의도2주차장,2971,2024
여의도4주차장,87,2024
여의도1주차장,3958,2024
여의도5주차장,379,2024
여의도5주차장,361,2024
여의도1주차장,3236,2024
여의도4주차장,201,2024
여의도2주차장,2920,2024
여의도3주차장,1648,2024
여의도5주차장,406,2024
여의도3주차장,1330,2024
여의도2주차장,2306,2024
여의도1주차장,2569,2024
여의도4주차장,181,2024
여의도3주차장,799,2024
여의도1주차장,1720,2024
여의도4주차장,65,2024
여의도5주차장,199,2024
여의도2주차장,1699,2024
여의도3주차장,955,2024
여의도4주차장,161,2024
여의도1주차장,1281,2024
여의도2주차장,1138,2024
여의도5주차장,376,2024
여의도2주차장,2391,2024
여의도4주차장,224,2024
여의도3주차장,1459,2024
여의도1주차장,2421,2024
여의도5주차장,444,2024
여의도1주차장,4109,2024
여의도2주차장,2587,2024
여의도3주차장,4137,2024
여의도4주차장,85,2024
여의도5주차장,310,2024
여의도2주차장,1900,2024
여의도1주차장,3413,2024
여의도4주차장,61,2024
여의도5주차장,183,2024
여의도3주차장,1363,2024
여의도1주차장,1214,2024
여의도3주차장,991,2024
여의도4주차장,201,2024
여의도5주차장,356,2024
여의도2주차장,703,2024
여의도1주차장,1880,2024
여의도5주차장,433,2024
여의도2주차장,1220,2024
여의도4주차장,178,2024
여의도3주차장,863,2024
여의도4주차장,45,2024
여의도2주차장,2835,2024
여의도5주차장,166,2024
여의도1주차장,3384,2024
여의도3주차장,1147,2024
여의도5주차장,154,2024
여의도4주차장,53,2024
여의도2주차장,3002,2024
여의도3주차장,1325,2024
여의도1주차장,4162,2024
여의도4주차장,76,2024
여의도5주차장,148,2024
여의도3주차장,1518,2024
여의도2주차장,3342,2024
여의도1주차장,4326,2024
여의도4주차장,41,2024
여의도3주차장,2608,2024
여의도1주차장,3601,2024
여의도2주차장,2022,2024
여의도5주차장,196,2024
여의도2주차장,1718,2024
여의도3주차장,1426,2024
여의도5주차장,152,2024
여의도1주차장,3019,2024
여의도4주차장,52,2024
여의도4주차장,155,2024
여의도2주차장,756,2024
여의도3주차장,972,2024
여의도5주차장,389,2024
여의도1주차장,1379,2024
여의도1주차장,1370,2024
여의도4주차장,168,2024
여의도5주차장,373,2024
여의도3주차장,955,2024
여의도2주차장,984,2024
여의도3주차장,1206,2024
여의도5주차장,384,2024
여의도2주차장,1217,2024
여의도1주차장,1531,2024
여의도4주차장,172,2024
여의도4주차장,202,2024
여의도5주차장,448,2024
여의도2주차장,1669,2024
여의도1주차장,1805,2024
여의도3주차장,1149,2024
여의도2주차장,1908,2024
여의도4주차장,218,2024
여의도1주차장,1889,2024
여의도3주차장,1166,2024
여의도5주차장,365,2024
여의도2주차장,2263,2024
여의도3주차장,3180,2024
여의도5주차장,232,2024
여의도1주차장,3813,2024
여의도4주차장,47,2024
여의도4주차장,58,2024
여의도1주차장,3740,2024
여의도5주차장,250,2024
여의도3주차장,2345,2024
여의도2주차장,2683,2024
여의도2주차장,1834,2024
여의도1주차장,2405,2024
여의도5주차장,325,2024
여의도3주차장,1372,2024
여의도4주차장,176,2024
여의도1주차장,1882,2024
여의도5주차장,361,2024
여의도4주차장,168,2024
여의도3주차장,1091,2024
여의도2주차장,1278,2024
여의도3주차장,1309,2024
여의도2주차장,1927,2024
여의도4주차장,182,2024
여의도5주차장,391,2024
여의도1주차장,2099,2024
여의도3주차장,1150,2024
여의도5주차장,442,2024
여의도2주차장,2090,2024
여의도1주차장,2191,2024
여의도4주차장,228,2024
여의도3주차장,1150,2024
여의도5주차장,419,2024
여의도2주차장,1692,2024
여의도4주차장,277,2024
여의도1주차장,2049,2024
여의도1주차장,3869,2024
여의도5주차장,280,2024
여의도4주차장,78,2024
여의도2주차장,2483,2024
여의도3주차장,2999,2024
여의도3주차장,2273,2024
여의도1주차장,3537,2024
여의도2주차장,2629,2024
여의도4주차장,78,2024
여의도5주차장,282,2024
여의도4주차장,271,2024
여의도1주차장,2717,2024
여의도5주차장,333,2024
여의도3주차장,1466,2024
여의도2주차장,2256,2024
여의도3주차장,1169,2024
여의도5주차장,393,2024
여의도4주차장,221,2024
여의도1주차장,2246,2024
여의도2주차장,2026,2024
여의도4주차장,224,2024
여의도3주차장,1211,2024
여의도1주차장,2009,2024
여의도2주차장,2008,2024
여의도5주차장,389,2024
여의도1주차장,2029,2024
여의도5주차장,365,2024
여의도3주차장,1112,2024
여의도4주차장,227,2024
여의도2주차장,1918,2024
여의도1주차장,1752,2024
여의도3주차장,1076,2024
여의도4주차장,214,2024
여의도5주차장,391,2024
여의도2주차장,1487,2024
여의도2주차장,1950,2024
여의도4주차장,54,2024
여의도1주차장,2738,2024
여의도5주차장,172,2024
여의도3주차장,2083,2024
여의도3주차장,1119,2024
여의도4주차장,66,2024
여의도1주차장,3046,2024
여의도5주차장,281,2024
여의도2주차장,1810,2024
여의도3주차장,1259,2024
여의도4주차장,199,2024
여의도2주차장,1895,2024
여의도1주차장,2233,2024
여의도5주차장,351,2024
여의도1주차장,1595,2024
여의도5주차장,360,2024
여의도2주차장,1149,2024
여의도3주차장,991,2024
여의도4주차장,190,2024
여의도2주차장,1072,2024
여의도5주차장,349,2024
여의도3주차장,971,2024
여의도1주차장,1416,2024
여의도4주차장,206,2024
여의도3주차장,1029,2024
여의도1주차장,1564,2024
여의도4주차장,226,2024
여의도2주차장,1493,2024
여의도5주차장,424,2024
여의도5주차장,377,2024
여의도3주차장,1129,2024
여의도4주차장,206,2024
여의도2주차장,1497,2024
여의도1주차장,1788,2024
여의도2주차장,2191,2024
여의도4주차장,38,2024
여의도1주차장,2503,2024
여의도5주차장,161,2024
여의도3주차장,2520,2024
여의도4주차장,55,2024
여의도2주차장,1664,2024
여의도5주차장,185,2024
여의도1주차장,2891,2024
여의도3주차장,1879,2024
여의도2주차장,2141,2024
여의도5주차장,340,2024
여의도1주차장,2204,2024
여의도4주차장,167,2024
여의도3주차장,1344,2024
여의도4주차장,55,2024
여의도2주차장,2336,2024
여의도1주차장,2674,2024
여의도3주차장,1580,2024
여의도5주차장,197,2024
여의도1주차장,1794,2024
여의도4주차장,204,2024
여의도3주차장,1463,2024
여의도5주차장,291,2024
여의도2주차장,1559,2024
여의도3주차장,1356,2024
여의도1주차장,1739,2024
여의도4주차장,176,2024
여의도2주차장,1440,2024
여의도5주차장,337,2024
여의도2주차장,1498,2024
여의도5주차장,382,2024
여의도4주차장,197,2024
여의도1주차장,1735,2024
여의도3주차장,1426,2024
여의도2주차장,2015,2024
여의도3주차장,2886,2024
여의도4주차장,46,2024
여의도5주차장,154,2024
여의도1주차장,2579,2024
여의도3주차장,1999,2024
여의도4주차장,46,2024
여의도2주차장,1760,2024
여의도1주차장,3084,2024
여의도5주차장,150,2024
여의도2주차장,1851,2024
여의도4주차장,167,2024
여의도3주차장,1655,2024
여의도1주차장,2275,2024
여의도5주차장,312,2024
여의도5주차장,372,2024
여의도4주차장,202,2024
여의도3주차장,1491,2024
여의도1주차장,1827,2024
여의도2주차장,1571,2024
여의도2주차장,1526,2024
여의도1주차장,1756,2024
여의도5주차장,332,2024
여의도4주차장,177,2024
여의도3주차장,1592,2024
여의도1주차장,1728,2024
여의도2주차장,1501,2024
여의도4주차장,190,2024
여의도3주차장,1552,2024
여의도5주차장,373,2024
여의도2주차장,1401,2024
여의도1주차장,1612,2024
여의도4주차장,208,2024
여의도5주차장,309,2024
여의도3주차장,1462,2024
여의도3주차장,2626,2024
여의도1주차장,2359,2024
여의도4주차장,29,2024
여의도5주차장,144,2024
여의도2주차장,1816,2024
여의도2주차장,2038,2024
여의도3주차장,1913,2024
여의도4주차장,44,2024
여의도1주차장,2912,2024
여의도5주차장,131,2024
여의도4주차장,172,2024
여의도5주차장,312,2024
여의도1주차장,2626,2024
여의도3주차장,1839,2024
여의도2주차장,2091,2024
여의도5주차장,289,2024
여의도3주차장,1706,2024
여의도2주차장,1796,2024
여의도4주차장,182,2024
여의도1주차장,2288,2024
여의도4주차장,167,2024
여의도5주차장,308,2024
여의도3주차장,1856,2024
여의도1주차장,2105,2024
여의도2주차장,1869,2024
여의도5주차장,316,2024
여의도2주차장,1668,2024
여의도4주차장,177,2024
여의도1주차장,2036,2024
여의도3주차장,1574,2024
여의도1주차장,1944,2024
여의도4주차장,189,2024
여의도5주차장,315,2024
여의도3주차장,1438,2024
여의도2주차장,1658,2024
여의도4주차장,39,2024
여의도5주차장,157,2024
여의도1주차장,3133,2024
여의도2주차장,1862,2024
여의도3주차장,2785,2024
여의도3주차장,1444,2024
여의도4주차장,40,2024
여의도5주차장,197,2024
여의도2주차장,1380,2024
여의도1주차장,2259,2024
여의도3주차장,1304,2024
여의도5주차장,157,2024
여의도2주차장,1254,2024
여의도1주차장,1848,2024
여의도4주차장,176,2024
여의도2주차장,1168,2024
여의도4주차장,197,2024
여의도3주차장,1107,2024
여의도1주차장,1510,2024
여의도5주차장,290,2024
여의도3주차장,1172,2024
여의도4주차장,170,2024
여의도2주차장,1145,2024
여의도5주차장,260,2024
여의도1주차장,1440,2024
여의도2주차장,959,2024
여의도4주차장,170,2024
여의도3주차장,930,2024
여의도1주차장,1215,2024
여의도5주차장,306,2024
여의도5주차장,62,2024
여의도4주차장,56,2024
여의도3주차장,936,2024
여의도2주차장,962,2024
여의도1주차장,1248,2024
여의도3주차장,2109,2024
여의도2주차장,1564,2024
여의도1주차장,2211,2024
여의도2주차장,1212,2024
여의도3주차장,745,2024
여의도1주차장,1877,2024
여의도2주차장,1552,2024
여의도3주차장,1259,2024
여의도1주차장,1884,2024
여의도4주차장,84,2024
여의도1주차장,865,2024
여의도3주차장,693,2024
여의도2주차장,564,2024
여의도5주차장,128,2024
여의도2주차장,699,2024
여의도1주차장,1038,2024
여의도5주차장,291,2024
여의도4주차장,165,2024
여의도3주차장,845,2024
여의도4주차장,191,2024
여의도3주차장,1025,2024
여의도1주차장,1350,2024
여의도5주차장,327,2024
여의도2주차장,742,2024
여의도4주차장,166,2024
여의도1주차장,1708,2024
여의도3주차장,1229,2024
여의도2주차장,1342,2024
여의도5주차장,329,2024
여의도3주차장,2688,2024
여의도5주차장,170,2024
여의도1주차장,2985,2024
여의도2주차장,2124,2024
여의도4주차장,44,2024
여의도4주차장,55,2024
여의도2주차장,2184,2024
여의도3주차장,1845,2024
여의도1주차장,3413,2024
여의도5주차장,150,2024
여의도3주차장,1377,2024
여의도2주차장,1896,2024
여의도1주차장,2277,2024
여의도5주차장,323,2024
여의도4주차장,179,2024
여의도2주차장,1541,2024
여의도3주차장,1208,2024
여의도5주차장,328,2024
여의도4주차장,183,2024
여의도1주차장,1999,2024
여의도1주차장,1650,2024
여의도5주차장,346,2024
여의도2주차장,1220,2024
여의도3주차장,1358,2024
여의도4주차장,207,2024
여의도1주차장,1303,2024
여의도5주차장,304,2024
여의도3주차장,1014,2024
여의도4주차장,199,2024
여의도2주차장,782,2024
여의도2주차장,681,2024
여의도1주차장,1122,2024
여의도4주차장,201,2024
여의도3주차장,927,2024
여의도5주차장,302,2024
여의도3주차장,2206,2024
여의도4주차장,54,2024
여의도1주차장,1968,2024
여의도5주차장,192,2024
여의도2주차장,1235,2024
여의도2주차장,1601,2024
여의도3주차장,744,2024
여의도5주차장,139,2024
여의도1주차장,2187,2024
여의도4주차장,60,2024
여의도4주차장,211,2024
여의도1주차장,2213,2024
여의도2주차장,1846,2024
여의도5주차장,291,2024
여의도3주차장,1354,2024
여의도2주차장,981,2024
여의도1주차장,1631,2024
여의도3주차장,1163,2024
여의도4주차장,174,2024
여의도5주차장,361,2024
여의도1주차장,1688,2024
여의도5주차장,323,2024
여의도4주차장,221,2024
여의도2주차장,1259,2024
여의도3주차장,1236,2024
여의도5주차장,254,2024
여의도2주차장,706,2024
여의도3주차장,852,2024
여의도1주차장,1166,2024
여의도4주차장,189,2024
여의도2주차장,1580,2024
여의도5주차장,334,2024
여의도1주차장,1872,2024
여의도4주차장,209,2024
여의도3주차장,1275,2024
여의도3주차장,1946,2024
여의도5주차장,157,2024
여의도2주차장,1385,2024
여의도1주차장,2455,2024
여의도4주차장,41,2024
여의도3주차장,1464,2024
여의도4주차장,44,2024
여의도5주차장,247,2024
여의도2주차장,1490,2024
여의도1주차장,2510,2024
여의도1주차장,2836,2024
여의도4주차장,204,2024
여의도5주차장,322,2024
여의도3주차장,1639,2024
여의도2주차장,1897,2024
여의도4주차장,192,2024
여의도3주차장,1298,2024
여의도5주차장,361,2024
여의도1주차장,2066,2024
여의도2주차장,1314,2024
여의도4주차장,187,2024
여의도2주차장,1289,2024
여의도3주차장,1299,2024
여의도1주차장,2015,2024
여의도5주차장,356,2024
여의도4주차장,203,2024
여의도1주차장,2159,2024
여의도2주차장,1281,2024
여의도5주차장,331,2024
여의도3주차장,1335,2024
여의도2주차장,1087,2024
여의도5주차장,346,2024
여의도4주차장,228,2024
여의도1주차장,1909,2024
여의도3주차장,1302,2024
여의도4주차장,50,2024
여의도2주차장,1144,2024
여의도5주차장,159,2024
여의도3주차장,2721,2024
여의도1주차장,3087,2024
여의도2주차장,1392,2024
여의도5주차장,202,2024
여의도4주차장,45,2024
여의도1주차장,2691,2024
여의도3주차장,934,2024
여의도2주차장,1514,2024
여의도1주차장,2599,2024
여의도5주차장,352,2024
여의도4주차장,200,2024
여의도3주차장,1524,2024
여의도3주차장,1275,2024
여의도1주차장,1904,2024
여의도4주차장,184,2024
여의도5주차장,365,2024
여의도2주차장,1332,2024
여의도3주차장,1310,2024
여의도5주차장,376,2024
여의도2주차장,1183,2024
여의도1주차장,2002,2024
여의도4주차장,184,2024
여의도5주차장,370,2024
여의도2주차장,1380,2024
여의도1주차장,2017,2024
여의도4주차장,193,2024
여의도3주차장,1158,2024
여의도1주차장,1954,2024
여의도5주차장,410,2024
여의도2주차장,1279,2024
여의도3주차장,1152,2024
여의도4주차장,203,2024
여의도3주차장,3192,2024
여의도2주차장,1722,2024
여의도5주차장,382,2024
여의도1주차장,3820,2024
여의도4주차장,55,2024
여의도3주차장,1536,2024
여의도1주차장,3756,2024
여의도2주차장,1579,2024
여의도4주차장,50,2024
여의도5주차장,363,2024
여의도5주차장,370,2024
여의도4주차장,197,2024
여의도2주차장,1334,2024
여의도3주차장,1492,2024
여의도1주차장,2630,2024
여의도1주차장,2043,2024
여의도2주차장,1239,2024
여의도5주차장,360,2024
여의도3주차장,1186,2024
여의도4주차장,170,2024
여의도5주차장,401,2024
여의도2주차장,1256,2024
여의도3주차장,1312,2024
여의도1주차장,2056,2024
여의도4주차장,172,2024
여의도4주차장,188,2024
여의도3주차장,1160,2024
여의도2주차장,1176,2024
여의도1주차장,1912,2024
여의도5주차장,339,2024
여의도3주차장,1196,2024
여의도5주차장,363,2024
여의도1주차장,1834,2024
여의도2주차장,1244,2024
여의도4주차장,190,2024
여의도2주차장,1743,2024
여의도1주차장,3783,2024
여의도4주차장,87,2024
여의도5주차장,285,2024
여의도3주차장,3292,2024
여의도2주차장,1314,2024
여의도5주차장,240,2024
여의도3주차장,1576,2024
여의도4주차장,62,2024
여의도1주차장,3306,2024
여의도5주차장,316,2024
여의도3주차장,1475,2024
여의도2주차장,1597,2024
여의도4주차장,161,2024
여의도1주차장,3315,2024
여의도2주차장,1923,2024
여의도1주차장,3964,2024
여의도3주차장,2565,2024
여의도4주차장,59,2024
여의도5주차장,310,2024
여의도4주차장,187,2024
여의도1주차장,2346,2024
여의도2주차장,1469,2024
여의도5주차장,352,2024
여의도3주차장,1473,2024
여의도2주차장,1322,2024
여의도5주차장,371,2024
여의도4주차장,196,2024
여의도1주차장,1963,2024
여의도3주차장,1249,2024
여의도4주차장,7,2024
여의도1주차장,686,2024
여의도3주차장,209,2024
여의도5주차장,31,2024
여의도2주차장,655,2024
여의도2주차장,1394,2024
여의도1주차장,3065,2024
여의도3주차장,2702,2024
여의도4주차장,78,2024
여의도5주차장,318,2024
여의도3주차장,1794,2024
여의도5주차장,316,2024
여의도2주차장,1390,2024
여의도4주차장,201,2024
여의도1주차장,2720,2024
여의도5주차장,282,2024
여의도1주차장,1886,2024
여의도2주차장,1053,2024
여의도3주차장,1255,2024
여의도4주차장,152,2024
여의도3주차장,1012,2024
여의도1주차장,2260,2024
여의도4주차장,186,2024
여의도2주차장,1146,2024
여의도5주차장,354,2024
여의도3주차장,1339,2024
여의도2주차장,1255,2024
여의도1주차장,2414,2024
여의도4주차장,187,2024
여의도5주차장,319,2024
여의도1주차장,2000,2024
여의도3주차장,1319,2024
여의도4주차장,204,2024
여의도5주차장,323,2024
여의도2주차장,1161,2024
여의도2주차장,938,2024
여의도1주차장,2167,2024
여의도3주차장,1679,2024
여의도5주차장,176,2024
여의도4주차장,44,2024
여의도3주차장,2703,2024
여의도4주차장,105,2024
여의도5주차장,238,2024
여의도1주차장,3904,2024
여의도2주차장,1851,2024
여의도2주차장,1517,2024
여의도1주차장,2677,2024
여의도4주차장,216,2024
여의도3주차장,1535,2024
여의도5주차장,333,2024
여의도3주차장,1397,2024
여의도1주차장,2260,2024
여의도4주차장,199,2024
여의도5주차장,333,2024
여의도2주차장,1312,2024
여의도2주차장,1204,2024
여의도4주차장,188,2024
여의도1주차장,2272,2024
여의도5주차장,315,2024
여의도3주차장,1436,2024
여의도5주차장,372,2024
여의도1주차장,2136,2024
여의도4주차장,8,2024
여의도3주차장,1269,2024
여의도2주차장,1095,2024
여의도2주차장,862,2024
여의도3주차장,1242,2024
여의도1주차장,1673,2024
여의도4주차장,166,2024
여의도5주차장,297,2024
여의도1주차장,4707,2024
여의도5주차장,316,2024
여의도2주차장,2163,2024
여의도3주차장,3476,2024
여의도4주차장,74,2024
여의도4주차장,85,2024
여의도2주차장,1598,2024
여의도1주차장,3543,2024
여의도5주차장,367,2024
여의도3주차장,2953,2024
여의도1주차장,2573,2024
여의도5주차장,315,2024
여의도2주차장,1409,2024
여의도3주차장,1334,2024
여의도4주차장,200,2024
여의도3주차장,1279,2024
여의도4주차장,202,2024
여의도5주차장,351,2024
여의도1주차장,2131,2024
여의도2주차장,1178,2024
여의도3주차장,553,2024
여의도1주차장,1782,2024
여의도2주차장,705,2024
여의도4주차장,32,2024
여의도5주차장,137,2024
여의도5주차장,378,2024
여의도4주차장,202,2024
여의도1주차장,2959,2024
여의도3주차장,1531,2024
여의도2주차장,1635,2024
여의도5주차장,330,2024
여의도4주차장,201,2024
여의도1주차장,2309,2024
여의도3주차장,1333,2024
여의도2주차장,1444,2024
여의도5주차장,340,2024
여의도3주차장,3287,2024
여의도1주차장,3715,2024
여의도4주차장,69,2024
여의도2주차장,1675,2024
여의도2주차장,777,2024
여의도4주차장,50,2024
여의도3주차장,572,2024
여의도5주차장,162,2024
여의도1주차장,1998,2024
여의도1주차장,2815,2024
여의도2주차장,1684,2024
여의도4주차장,218,2024
여의도5주차장,274,2024
여의도3주차장,1553,2024
여의도2주차장,1259,2024
여의도5주차장,346,2024
여의도3주차장,1368,2024
여의도1주차장,2090,2024
여의도4주차장,205,2024
여의도1주차장,2212,2024
여의도2주차장,1088,2024
여의도5주차장,312,2024
여의도4주차장,200,2024
여의도3주차장,1394,2024
여의도1주차장,1187,2024
여의도2주차장,631,2024
여의도3주차장,954,2024
여의도4주차장,181,2024
여의도5주차장,293,2024
여의도4주차장,43,2024
여의도1주차장,1233,2024
여의도3주차장,282,2024
여의도5주차장,82,2024
여의도2주차장,588,2024
여의도2주차장,667,2024
여의도5주차장,118,2024
여의도4주차장,29,2024
여의도1주차장,1747,2024
여의도3주차장,1425,2024
여의도3주차장,2883,2024
여의도2주차장,2181,2024
여의도4주차장,106,2024
여의도1주차장,3871,2024
여의도5주차장,256,2024
여의도3주차장,1585,2024
여의도5주차장,301,2024
여의도4주차장,218,2024
여의도2주차장,1980,2024
여의도1주차장,2963,2024
여의도1주차장,2376,2024
여의도4주차장,189,2024
여의도3주차장,1263,2024
여의도2주차장,1613,2024
여의도5주차장,337,2024
여의도2주차장,2104,2024
여의도1주차장,3658,2024
여의도3주차장,2158,2024
여의도4주차장,69,2024
여의도5주차장,191,2024
여의도1주차장,2652,2024
여의도4주차장,209,2024
여의도2주차장,1517,2024
여의도5주차장,333,2024
여의도3주차장,1210,2024
여의도5주차장,363,2024
여의도2주차장,1530,2024
여의도1주차장,2099,2024
여의도3주차장,1248,2024
여의도4주차장,207,2024
여의도5주차장,259,2024
여의도3주차장,3108,2024
여의도4주차장,50,2024
여의도1주차장,4251,2024
여의도2주차장,1938,2024
여의도4주차장,62,2024
여의도3주차장,2574,2024
여의도1주차장,4019,2024
여의도2주차장,1866,2024
여의도5주차장,226,2024
여의도4주차장,216,2024
여의도3주차장,1602,2024
여의도1주차장,2884,2024
여의도5주차장,301,2024
여의도2주차장,1479,2024
여의도1주차장,2200,2024
여의도2주차장,956,2024
여의도5주차장,339,2024
여의도3주차장,1341,2024
여의도4주차장,196,2024
여의도4주차장,218,2024
여의도3주차장,1150,2024
여의도5주차장,311,2024
여의도1주차장,1559,2024
여의도2주차장,774,2024
여의도4주차장,181,2024
여의도3주차장,1118,2024
여의도5주차장,343,2024
여의도2주차장,804,2024
여의도1주차장,1849,2024
여의도5주차장,348,2024
여의도2주차장,1466,2024
여의도1주차장,2154,2024
여의도4주차장,188,2024
여의도3주차장,1274,2024
여의도4주차장,48,2024
여의도3주차장,2445,2024
여의도2주차장,1465,2024
여의도1주차장,3641,2024
여의도5주차장,201,2024
여의도3주차장,480,2024
여의도2주차장,1075,2024
여의도4주차장,40,2024
여의도1주차장,2066,2024
여의도5주차장,101,2024
여의도4주차장,204,2024
여의도5주차장,323,2024
여의도1주차장,2862,2024
여의도2주차장,1695,2024
여의도3주차장,1490,2024
여의도1주차장,2225,2024
여의도3주차장,1293,2024
여의도4주차장,196,2024
여의도5주차장,340,2024
여의도2주차장,1334,2024
여의도2주차장,1256,2024
여의도3주차장,1222,2024
여의도1주차장,1971,2024
여의도4주차장,199,2024
여의도5주차장,310,2024
여의도4주차장,119,2024
여의도2주차장,859,2024
여의도3주차장,774,2024
여의도1주차장,1448,2024
여의도5주차장,215,2024
여의도1주차장,1152,2024
여의도2주차장,591,2024
여의도5주차장,296,2024
여의도3주차장,884,2024
여의도4주차장,168,2024
여의도2주차장,2078,2024
여의도1주차장,4111,2024
여의도3주차장,3586,2024
여의도5주차장,282,2024
여의도4주차장,79,2024
여의도5주차장,310,2024
여의도2주차장,2129,2024
여의도3주차장,2991,2024
여의도4주차장,98,2024
여의도1주차장,3982,2024
여의도2주차장,1979,2024
여의도3주차장,1541,2024
여의도4주차장,191,2024
여의도1주차장,3255,2024
여의도5주차장,324,2024
여의도3주차장,1219,2024
여의도5주차장,355,2024
여의도4주차장,204,2024
여의도1주차장,2202,2024
여의도2주차장,1487,2024
여의도3주차장,2529,2024
여의도1주차장,3823,2024
여의도2주차장,2277,2024
여의도4주차장,80,2024
여의도5주차장,312,2024
여의도5주차장,388,2024
여의도4주차장,196,2024
여의도2주차장,1879,2024
여의도3주차장,2334,2024
여의도1주차장,3658,2024
여의도5주차장,386,2024
여의도4주차장,264,2024
여의도1주차장,3066,2024
여의도2주차장,2079,2024
여의도3주차장,2426,2024
여의도2주차장,2458,2024
여의도4주차장,665,2024
여의도1주차장,4496,2024
여의도5주차장,540,2024
여의도3주차장,4874,2024
여의도1주차장,4669,2024
여의도4주차장,749,2024
여의도2주차장,2536,2024
여의도5주차장,492,2024
여의도3주차장,4931,2024
여의도5주차장,473,2024
여의도4주차장,507,2024
여의도1주차장,4440,2024
여의도2주차장,2484,2024
여의도3주차장,3953,2024
여의도5주차장,402,2024
여의도1주차장,3996,2024
여의도4주차장,473,2024
여의도3주차장,3468,2024
여의도2주차장,2270,2024
여의도3주차장,3159,2024
여의도2주차장,1964,2024
여의도5주차장,351,2024
여의도4주차장,307,2024
여의도1주차장,3192,2024
여의도3주차장,3126,2024
여의도5주차장,458,2024
여의도2주차장,2101,2024
여의도4주차장,446,2024
여의도1주차장,3452,2024
여의도1주차장,2727,2024
여의도5주차장,384,2024
여의도4주차장,304,2024
여의도3주차장,2196,2024
여의도2주차장,1976,2024
여의도3주차장,3663,2024
여의도4주차장,287,2024
여의도1주차장,4362,2024
여의도2주차장,2015,2024
여의도5주차장,370,2024
여의도2주차장,1623,2024
여의도4주차장,163,2024
여의도3주차장,2380,2024
여의도1주차장,4167,2024
여의도5주차장,193,2024
여의도2주차장,1112,2024
여의도5주차장,272,2024
여의도1주차장,1912,2024
여의도4주차장,212,2024
여의도3주차장,1439,2024
여의도2주차장,808,2024
여의도4주차장,202,2024
여의도3주차장,1275,2024
여의도1주차장,1554,2024
여의도5주차장,328,2024
여의도2주차장,1130,2024
여의도4주차장,188,2024
여의도3주차장,1479,2024
여의도5주차장,346,2024
여의도1주차장,2131,2024
여의도1주차장,1711,2024
여의도4주차장,201,2024
여의도3주차장,1178,2024
여의도2주차장,829,2024
여의도5주차장,320,2024
여의도3주차장,1103,2024
여의도5주차장,305,2024
여의도2주차장,633,2024
여의도1주차장,1339,2024
여의도4주차장,202,2024
여의도5주차장,355,2024
여의도1주차장,4332,2024
여의도3주차장,3866,2024
여의도2주차장,2243,2024
여의도4주차장,104,2024
여의도5주차장,204,2024
여의도1주차장,4226,2024
여의도4주차장,76,2024
여의도3주차장,2172,2024
여의도2주차장,1607,2024
여의도1주차장,1475,2024
여의도3주차장,1142,2024
여의도5주차장,329,2024
여의도4주차장,201,2024
여의도2주차장,634,2024
여의도1주차장,1517,2024
여의도5주차장,372,2024
여의도2주차장,673,2024
여의도3주차장,1086,2024
여의도4주차장,185,2024
여의도3주차장,1123,2024
여의도4주차장,216,2024
여의도2주차장,564,2024
여의도5주차장,362,2024
여의도1주차장,1793,2024
여의도1주차장,1437,2024
여의도3주차장,1061,2024
여의도2주차장,600,2024
여의도5주차장,356,2024
여의도4주차장,214,2024
여의도4주차장,236,2024
여의도2주차장,830,2024
여의도1주차장,1692,2024
여의도3주차장,1219,2024
여의도5주차장,353,2024
여의도4주차장,38,2024
여의도2주차장,1317,2024
여의도5주차장,226,2024
여의도1주차장,3190,2024
여의도3주차장,2004,2024
여의도4주차장,59,2024
여의도3주차장,1802,2024
여의도1주차장,4320,2024
여의도5주차장,229,2024
여의도2주차장,1856,2024
여의도4주차장,229,2024
여의도3주차장,1312,2024
여의도2주차장,1084,2024
여의도1주차장,2184,2024
여의도5주차장,323,2024
여의도4주차장,215,2024
여의도1주차장,1909,2024
여의도2주차장,863,2024
여의도5주차장,340,2024
여의도3주차장,1323,2024
여의도4주차장,198,2024
여의도3주차장,1274,2024
여의도1주차장,1624,2024
여의도2주차장,704,2024
여의도5주차장,339,2024
여의도4주차장,217,2024
여의도2주차장,575,2024
여의도1주차장,1330,2024
여의도5주차장,313,2024
여의도3주차장,1043,2024
여의도4주차장,203,2024
여의도5주차장,318,2024
여의도2주차장,689,2024
여의도1주차장,1485,2024
여의도3주차장,1147,2024
여의도5주차장,181,2024
여의도4주차장,37,2024
여의도3주차장,2015,2024
여의도1주차장,2954,2024
여의도2주차장,1235,2024
여의도2주차장,1059,2024
여의도5주차장,214,2024
여의도3주차장,581,2024
여의도1주차장,2605,2024
여의도4주차장,35,2024
여의도4주차장,221,2024
여의도5주차장,325,2024
여의도3주차장,1144,2024
여의도2주차장,614,2024
여의도1주차장,1535,2024
여의도1주차장,1309,2024
여의도4주차장,201,2024
여의도3주차장,1059,2024
여의도5주차장,293,2024
여의도2주차장,571,2024
여의도3주차장,1159,2024
여의도1주차장,1455,2024
여의도5주차장,300,2024
여의도4주차장,203,2024
여의도2주차장,668,2024
여의도2주차장,662,2024
여의도5주차장,390,2024
여의도4주차장,206,2024
여의도1주차장,1388,2024
여의도3주차장,1025,2024
여의도4주차장,226,2024
여의도3주차장,1044,2024
여의도1주차장,1397,2024
여의도5주차장,321,2024
여의도2주차장,811,2024
여의도4주차장,12,2024
여의도1주차장,2256,2024
여의도3주차장,1664,2024
여의도5주차장,171,2024
여의도2주차장,1360,2024
여의도4주차장,28,2024
여의도5주차장,134,2024
여의도1주차장,1754,2024
여의도3주차장,322,2024
여의도2주차장,841,2024
여의도2주차장,821,2024
여의도4주차장,43,2024
여의도1주차장,1766,2024
여의도3주차장,351,2024
여의도5주차장,177,2024
여의도5주차장,329,2024
여의도1주차장,1749,2024
여의도4주차장,191,2024
여의도3주차장,1029,2024
여의도2주차장,832,2024
여의도5주차장,349,2024
여의도3주차장,1126,2024
여의도4주차장,195,2024
여의도1주차장,1671,2024
여의도2주차장,804,2024
여의도3주차장,1074,2024
여의도4주차장,210,2024
여의도2주차장,803,2024
여의도1주차장,1571,2024
여의도5주차장,347,2024
여의도5주차장,334,2024
여의도1주차장,1739,2024
여의도3주차장,1131,2024
여의도2주차장,778,2024
여의도4주차장,222,2024
여의도4주차장,30,2024
여의도2주차장,1253,2024
여의도3주차장,1851,2024
여의도1주차장,2372,2024
여의도5주차장,155,2024
여의도5주차장,209,2024
여의도1주차장,1769,2024
여의도2주차장,832,2024
여의도3주차장,376,2024
여의도4주차장,34,2024
여의도4주차장,199,2024
여의도3주차장,1135,2024
여의도5주차장,335,2024
여의도2주차장,729,2024
여의도1주차장,1462,2024
여의도4주차장,174,2024
여의도1주차장,974,2024
여의도3주차장,822,2024
여의도5주차장,345,2024
여의도2주차장,582,2024
여의도4주차장,179,2024
여의도5주차장,301,2024
여의도3주차장,908,2024
여의도2주차장,520,2024
여의도1주차장,878,2024
여의도1주차장,1154,2024
여의도2주차장,598,2024
여의도4주차장,183,2024
여의도3주차장,976,2024
여의도5주차장,340,2024
여의도5주차장,360,2024
여의도1주차장,1017,2024
여의도3주차장,1004,2024
여의도2주차장,608,2024
여의도4주차장,223,2024
여의도1주차장,1639,2024
여의도2주차장,711,2024
여의도5주차장,168,2024
여의도3주차장,1534,2024
여의도4주차장,39,2024
여의도3주차장,847,2024
여의도1주차장,3362,2024
여의도4주차장,59,2024
여의도2주차장,1643,2024
여의도5주차장,187,2024
여의도1주차장,1674,2024
여의도5주차장,387,2024
여의도4주차장,205,2024
여의도2주차장,858,2024
여의도3주차장,1167,2024
여의도5주차장,337,2024
여의도4주차장,182,2024
여의도1주차장,1206,2024
여의도3주차장,914,2024
여의도2주차장,691,2024
여의도5주차장,467,2024
여의도1주차장,2006,2024
여의도3주차장,1267,2024
여의도2주차장,1038,2024
여의도4주차장,203,2024
여의도5주차장,398,2024
여의도2주차장,865,2024
여의도4주차장,215,2024
여의도3주차장,1066,2024
여의도1주차장,1710,2024
여의도3주차장,957,2024
여의도1주차장,2165,2024
여의도4주차장,39,2024
여의도5주차장,127,2024
여의도2주차장,988,2024
여의도2주차장,911,2024
여의도5주차장,142,2024
여의도3주차장,1802,2024
여의도1주차장,2085,2024
여의도4주차장,25,2024
여의도5주차장,93,2024
여의도2주차장,722,2024
여의도1주차장,2049,2024
여의도3주차장,656,2024
여의도4주차장,21,2024
여의도2주차장,617,2024
여의도4주차장,38,2024
여의도1주차장,1821,2024
여의도3주차장,652,2024
여의도5주차장,123,2024
여의도3주차장,1012,2024
여의도2주차장,749,2024
여의도1주차장,1341,2024
여의도5주차장,363,2024
여의도4주차장,201,2024
여의도4주차장,204,2024
여의도2주차장,673,2024
여의도1주차장,1121,2024
여의도5주차장,382,2024
여의도3주차장,1154,2024
여의도4주차장,187,2024
여의도1주차장,1012,2024
여의도2주차장,536,2024
여의도3주차장,993,2024
여의도5주차장,349,2024
여의도5주차장,323,2024
여의도4주차장,201,2024
여의도3주차장,921,2024
여의도1주차장,887,2024
여의도2주차장,530,2024
여의도5주차장,177,2024
여의도1주차장,2369,2024
여의도4주차장,34,2024
여의도3주차장,2198,2024
여의도2주차장,1150,2024
여의도1주차장,1637,2024
여의도2주차장,739,2024
여의도4주차장,59,2024
여의도5주차장,270,2024
여의도3주차장,777,2024
여의도2주차장,695,2024
여의도5주차장,316,2024
여의도3주차장,1226,2024
여의도1주차장,1397,2024
여의도4주차장,216,2024
여의도1주차장,1272,2024
여의도5주차장,379,2024
여의도2주차장,637,2024
여의도4주차장,199,2024
여의도3주차장,1063,2024
여의도2주차장,709,2024
여의도3주차장,1155,2024
여의도4주차장,202,2024
여의도1주차장,1243,2024
여의도5주차장,323,2024
여의도1주차장,1169,2024
여의도2주차장,587,2024
여의도5주차장,372,2024
여의도4주차장,206,2024
여의도3주차장,1085,2024
여의도3주차장,1092,2024
여의도5주차장,343,2024
여의도2주차장,570,2024
여의도4주차장,192,2024
여의도1주차장,1073,2024
여의도4주차장,30,2024
여의도1주차장,1623,2024
여의도2주차장,745,2024
여의도3주차장,2214,2024
여의도5주차장,139,2024
여의도1주차장,1790,2024
여의도4주차장,35,2024
여의도2주차장,786,2024
여의도5주차장,121,2024
여의도3주차장,945,2024
여의도3주차장,1144,2024
여의도1주차장,1247,2024
여의도2주차장,617,2024
여의도5주차장,321,2024
여의도4주차장,209,2024
여의도3주차장,972,2024
여의도1주차장,990,2024
여의도2주차장,562,2024
여의도4주차장,202,2024
여의도5주차장,328,2024
여의도2주차장,483,2024
여의도1주차장,915,2024
여의도5주차장,335,2024
여의도4주차장,215,2024
여의도3주차장,984,2024
여의도3주차장,896,2024
여의도2주차장,473,2024
여의도1주차장,877,2024
여의도5주차장,445,2024
여의도4주차장,192,2024
여의도5주차장,385,2024
여의도1주차장,822,2024
여의도4주차장,246,2024
여의도2주차장,478,2024
여의도3주차장,968,2024
여의도3주차장,1929,2024
여의도4주차장,51,2024
여의도1주차장,1286,2024
여의도2주차장,571,2024
여의도5주차장,154,2024
여의도1주차장,1350,2024
여의도4주차장,76,2024
여의도3주차장,747,2024
여의도2주차장,600,2024
여의도5주차장,147,2024
여의도4주차장,267,2024
여의도3주차장,1161,2024
여의도5주차장,342,2024
여의도2주차장,749,2024
여의도1주차장,1504,2024
여의도2주차장,695,2024
여의도1주차장,1179,2024
여의도4주차장,275,2024
여의도5주차장,336,2024
여의도3주차장,1086,2024
여의도3주차장,1001,2024
여의도4주차장,258,2024
여의도5주차장,319,2024
여의도2주차장,513,2024
여의도1주차장,853,2024
여의도1주차장,817,2024
여의도3주차장,713,2024
여의도5주차장,213,2024
여의도4주차장,93,2024
여의도2주차장,416,2024
여의도1주차장,938,2024
여의도2주차장,558,2024
여의도3주차장,1101,2024
여의도5주차장,347,2024
여의도4주차장,278,2024
여의도1주차장,1191,2024
여의도2주차장,551,2024
여의도4주차장,25,2024
여의도3주차장,1648,2024
여의도5주차장,126,2024
여의도5주차장,137,2024
여의도4주차장,53,2024
여의도1주차장,1735,2024
여의도2주차장,816,2024
여의도3주차장,1442,2024
여의도3주차장,1306,2024
여의도1주차장,1289,2024
여의도2주차장,667,2024
여의도5주차장,343,2024
여의도4주차장,242,2024
여의도5주차장,389,2024
여의도4주차장,227,2024
여의도1주차장,1115,2024
여의도3주차장,1209,2024
여의도2주차장,635,2024
여의도5주차장,321,2024
여의도1주차장,1029,2024
여의도4주차장,213,2024
여의도3주차장,1226,2024
여의도2주차장,538,2024
여의도1주차장,787,2024
여의도4주차장,197,2024
여의도2주차장,413,2024
여의도5주차장,266,2024
여의도3주차장,829,2024
여의도1주차장,921,2024
여의도4주차장,257,2024
여의도3주차장,1159,2024
여의도2주차장,560,2024
여의도5주차장,350,2024
여의도3주차장,1959,2024
여의도1주차장,1114,2024
여의도2주차장,452,2024
여의도5주차장,151,2024
여의도4주차장,26,2024
여의도4주차장,30,2024
여의도5주차장,172,2024
여의도2주차장,725,2024
여의도1주차장,1456,2024
여의도3주차장,1036,2024
여의도1주차장,1458,2024
여의도2주차장,697,2024
여의도4주차장,239,2024
여의도3주차장,1241,2024
여의도5주차장,321,2024
여의도2주차장,625,2024
여의도3주차장,1224,2024
여의도1주차장,1121,2024
여의도5주차장,386,2024
여의도4주차장,255,2024
여의도2주차장,565,2024
여의도1주차장,1012,2024
여의도5주차장,338,2024
여의도3주차장,1196,2024
여의도4주차장,229,2024
여의도3주차장,1348,2024
여의도4주차장,260,2024
여의도5주차장,356,2024
여의도2주차장,681,2024
여의도1주차장,1085,2024
여의도5주차장,95,2024
여의도4주차장,28,2024
여의도1주차장,2180,2024
여의도3주차장,1444,2024
여의도2주차장,772,2024
